<define_problem><domain>UseCase1_InitialOntology.owl_InitialOntology.owl</domain><objects><object type="object">http://www.owl-ontologies.com/Ontology1.owl#DepartureHospitalAddress</object><object type="object">http://www.owl-ontologies.com/Ontology1.owl#DesiredAccount</object><object type="object">http://www.owl-ontologies.com/Ontology1.owl#MedicalVehicle</object><object type="object">http://www.owl-ontologies.com/Ontology2.owl#DepartureAirportAddress</object><object type="object">http://www.owl-ontologies.com/Ontology2.owl#TransportToHospital</object><object type="object">http://www.owl-ontologies.com/Ontology1.owl#FlightDepartureTime</object><object type="object">http://www.owl-ontologies.com/Ontology2.owl#DepartureAirport</object><object type="object">http://www.owl-ontologies.com/Ontology1.owl#DestinationHospital</object><object type="object">http://www.owl-ontologies.com/Ontology1.owl#EMAAddress</object><object type="object">http://www.owl-ontologies.com/Ontology1.owl#DestinationHospitalAddress</object><object type="object">http://www.owl-ontologies.com/Ontology1.owl#EMAWorkerAddress</object><object type="object">http://www.owl-ontologies.com/Ontology1.owl#Transport2DepartureTime</object><object type="object">http://www.owl-ontologies.com/Ontology2.owl#ArrivalAirport</object><object type="object">http://www.owl-ontologies.com/Ontology1.owl#EMACC</object><object type="object">http://www.owl-ontologies.com/Ontology1.owl#FlightArrivalTime</object><object type="object">http://www.owl-ontologies.com/Ontology1.owl#Patient_0</object><object type="object">http://www.owl-ontologies.com/Ontology1.owl#EMAAttendant</object><object type="object">http://www.owl-ontologies.com/Ontology2.owl#ArrivalAirportAddress</object><object type="object">http://www.owl-ontologies.com/Ontology1.owl#RequiredTreatment</object><object type="object">http://www.owl-ontologies.com/Ontology1.owl#DepartureHospital</object><object type="object">http://www.owl-ontologies.com/Ontology1.owl#FlightParameters</object><object type="object">http://www.owl-ontologies.com/Ontology1.owl#EMAWorkerCC</object><object type="object">http://www.owl-ontologies.com/Ontology2.owl#TransportToAirport</object><object type="object">http://www.owl-ontologies.com/Ontology1.owl#Transport2ArrivalTime</object><object type="object">http://www.owl-ontologies.com/Ontology2.owl#Flight</object><object type="object">http://www.owl-ontologies.com/Ontology1.owl#EMA</object><object type="object">http://www.owl-ontologies.com/Ontology1.owl#Transport1Parameters</object><object type="object">http://www.owl-ontologies.com/Ontology1.owl#Transport2Parameters</object><object type="object">http://www.owl-ontologies.com/Ontology1.owl#FlightCategory</object><object type="object">http://www.owl-ontologies.com/Ontology1.owl#EMAWorker</object><object type="object">http://www.owl-ontologies.com/Ontology1.owl#Transport1ArrivalTime</object><object type="object">http://www.owl-ontologies.com/Ontology1.owl#Transport1DepartureTime</object></objects><init><and><pred name="agentHasKnowledgeAbout"><param>http://www.owl-ontologies.com/Ontology1.owl#EMAWorker</param></pred><pred name="identity"><param>http://www.owl-ontologies.com/Ontology1.owl#EMAWorker</param><param>http://www.owl-ontologies.com/Ontology1.owl#EMAWorker</param></pred><pred name="http://127.0.0.1/health-scallops/ontology/Health-Scallops_Ontology.owl#Person"><param>http://www.owl-ontologies.com/Ontology1.owl#EMAWorker</param></pred><pred name="http://127.0.0.1/health-scallops/ontology/Health-Scallops_Ontology.owl#hasAddress"><param>http://www.owl-ontologies.com/Ontology1.owl#EMAWorker</param><param>http://www.owl-ontologies.com/Ontology1.owl#EMAWorkerAddress</param></pred><pred name="agentHasKnowledgeAbout"><param>http://www.owl-ontologies.com/Ontology1.owl#EMAWorkerAddress</param></pred><pred name="identity"><param>http://www.owl-ontologies.com/Ontology1.owl#EMAWorkerAddress</param><param>http://www.owl-ontologies.com/Ontology1.owl#EMAWorkerAddress</param></pred><pred name="http://127.0.0.1/health-scallops/ontology/Health-Scallops_Ontology.owl#Address"><param>http://www.owl-ontologies.com/Ontology1.owl#EMAWorkerAddress</param></pred><pred name="agentHasKnowledgeAbout"><param>http://www.owl-ontologies.com/Ontology1.owl#DestinationHospital</param></pred><pred name="identity"><param>http://www.owl-ontologies.com/Ontology1.owl#DestinationHospital</param><param>http://www.owl-ontologies.com/Ontology1.owl#DestinationHospital</param></pred><pred name="http://127.0.0.1/health-scallops/ontology/Health-Scallops_Ontology.owl#Hospital"><param>http://www.owl-ontologies.com/Ontology1.owl#DestinationHospital</param></pred><pred name="http://127.0.0.1/health-scallops/ontology/Health-Scallops_Ontology.owl#Location"><param>http://www.owl-ontologies.com/Ontology1.owl#DestinationHospital</param></pred><pred name="http://127.0.0.1/health-scallops/ontology/Health-Scallops_Ontology.owl#hasAddress"><param>http://www.owl-ontologies.com/Ontology1.owl#DestinationHospital</param><param>http://www.owl-ontologies.com/Ontology1.owl#DestinationHospitalAddress</param></pred><pred name="agentHasKnowledgeAbout"><param>http://www.owl-ontologies.com/Ontology1.owl#DestinationHospitalAddress</param></pred><pred name="identity"><param>http://www.owl-ontologies.com/Ontology1.owl#DestinationHospitalAddress</param><param>http://www.owl-ontologies.com/Ontology1.owl#DestinationHospitalAddress</param></pred><pred name="http://127.0.0.1/health-scallops/ontology/Health-Scallops_Ontology.owl#Address"><param>http://www.owl-ontologies.com/Ontology1.owl#DestinationHospitalAddress</param></pred><pred name="agentHasKnowledgeAbout"><param>http://www.owl-ontologies.com/Ontology1.owl#Transport1Parameters</param></pred><pred name="identity"><param>http://www.owl-ontologies.com/Ontology1.owl#Transport1Parameters</param><param>http://www.owl-ontologies.com/Ontology1.owl#Transport1Parameters</param></pred><pred name="http://127.0.0.1/health-scallops/ontology/Health-Scallops_Ontology.owl#MedicalVehicleTransportParameters"><param>http://www.owl-ontologies.com/Ontology1.owl#Transport1Parameters</param></pred><pred name="http://127.0.0.1/health-scallops/ontology/Health-Scallops_Ontology.owl#VehicleTransportParameters"><param>http://www.owl-ontologies.com/Ontology1.owl#Transport1Parameters</param></pred><pred name="http://127.0.0.1/health-scallops/ontology/Health-Scallops_Ontology.owl#TransportParameters"><param>http://www.owl-ontologies.com/Ontology1.owl#Transport1Parameters</param></pred><pred name="http://127.0.0.1/health-scallops/ontology/Health-Scallops_Ontology.owl#usesVehicle"><param>http://www.owl-ontologies.com/Ontology1.owl#Transport1Parameters</param><param>http://www.owl-ontologies.com/Ontology1.owl#MedicalVehicle</param></pred><pred name="agentHasKnowledgeAbout"><param>http://www.owl-ontologies.com/Ontology1.owl#MedicalVehicle</param></pred><pred name="identity"><param>http://www.owl-ontologies.com/Ontology1.owl#MedicalVehicle</param><param>http://www.owl-ontologies.com/Ontology1.owl#MedicalVehicle</param></pred><pred name="http://127.0.0.1/health-scallops/ontology/Health-Scallops_Ontology.owl#Vehicle"><param>http://www.owl-ontologies.com/Ontology1.owl#MedicalVehicle</param></pred><pred name="http://127.0.0.1/health-scallops/ontology/Health-Scallops_Ontology.owl#assuresMedicalTreatment"><param>http://www.owl-ontologies.com/Ontology1.owl#Transport1Parameters</param><param>http://www.owl-ontologies.com/Ontology1.owl#RequiredTreatment</param></pred><pred name="agentHasKnowledgeAbout"><param>http://www.owl-ontologies.com/Ontology1.owl#RequiredTreatment</param></pred><pred name="identity"><param>http://www.owl-ontologies.com/Ontology1.owl#RequiredTreatment</param><param>http://www.owl-ontologies.com/Ontology1.owl#RequiredTreatment</param></pred><pred name="http://127.0.0.1/health-scallops/ontology/Health-Scallops_Ontology.owl#MedicalTreatment"><param>http://www.owl-ontologies.com/Ontology1.owl#RequiredTreatment</param></pred><pred name="http://127.0.0.1/health-scallops/ontology/Health-Scallops_Ontology.owl#hasDepartureTime"><param>http://www.owl-ontologies.com/Ontology1.owl#Transport1Parameters</param><param>http://www.owl-ontologies.com/Ontology1.owl#Transport1DepartureTime</param></pred><pred name="agentHasKnowledgeAbout"><param>http://www.owl-ontologies.com/Ontology1.owl#Transport1DepartureTime</param></pred><pred name="identity"><param>http://www.owl-ontologies.com/Ontology1.owl#Transport1DepartureTime</param><param>http://www.owl-ontologies.com/Ontology1.owl#Transport1DepartureTime</param></pred><pred name="http://127.0.0.1/health-scallops/ontology/Health-Scallops_Ontology.owl#Time"><param>http://www.owl-ontologies.com/Ontology1.owl#Transport1DepartureTime</param></pred><pred name="http://127.0.0.1/health-scallops/ontology/Health-Scallops_Ontology.owl#hasArrivalTime"><param>http://www.owl-ontologies.com/Ontology1.owl#Transport1Parameters</param><param>http://www.owl-ontologies.com/Ontology1.owl#Transport1ArrivalTime</param></pred><pred name="agentHasKnowledgeAbout"><param>http://www.owl-ontologies.com/Ontology1.owl#Transport1ArrivalTime</param></pred><pred name="identity"><param>http://www.owl-ontologies.com/Ontology1.owl#Transport1ArrivalTime</param><param>http://www.owl-ontologies.com/Ontology1.owl#Transport1ArrivalTime</param></pred><pred name="http://127.0.0.1/health-scallops/ontology/Health-Scallops_Ontology.owl#Time"><param>http://www.owl-ontologies.com/Ontology1.owl#Transport1ArrivalTime</param></pred><pred name="agentHasKnowledgeAbout"><param>http://www.owl-ontologies.com/Ontology1.owl#FlightDepartureTime</param></pred><pred name="identity"><param>http://www.owl-ontologies.com/Ontology1.owl#FlightDepartureTime</param><param>http://www.owl-ontologies.com/Ontology1.owl#FlightDepartureTime</param></pred><pred name="http://127.0.0.1/health-scallops/ontology/Health-Scallops_Ontology.owl#Time"><param>http://www.owl-ontologies.com/Ontology1.owl#FlightDepartureTime</param></pred><pred name="agentHasKnowledgeAbout"><param>http://www.owl-ontologies.com/Ontology1.owl#FlightArrivalTime</param></pred><pred name="identity"><param>http://www.owl-ontologies.com/Ontology1.owl#FlightArrivalTime</param><param>http://www.owl-ontologies.com/Ontology1.owl#FlightArrivalTime</param></pred><pred name="http://127.0.0.1/health-scallops/ontology/Health-Scallops_Ontology.owl#Time"><param>http://www.owl-ontologies.com/Ontology1.owl#FlightArrivalTime</param></pred><pred name="agentHasKnowledgeAbout"><param>http://www.owl-ontologies.com/Ontology1.owl#Transport2DepartureTime</param></pred><pred name="identity"><param>http://www.owl-ontologies.com/Ontology1.owl#Transport2DepartureTime</param><param>http://www.owl-ontologies.com/Ontology1.owl#Transport2DepartureTime</param></pred><pred name="http://127.0.0.1/health-scallops/ontology/Health-Scallops_Ontology.owl#Time"><param>http://www.owl-ontologies.com/Ontology1.owl#Transport2DepartureTime</param></pred><pred name="agentHasKnowledgeAbout"><param>http://www.owl-ontologies.com/Ontology1.owl#DepartureHospital</param></pred><pred name="identity"><param>http://www.owl-ontologies.com/Ontology1.owl#DepartureHospital</param><param>http://www.owl-ontologies.com/Ontology1.owl#DepartureHospital</param></pred><pred name="http://127.0.0.1/health-scallops/ontology/Health-Scallops_Ontology.owl#Hospital"><param>http://www.owl-ontologies.com/Ontology1.owl#DepartureHospital</param></pred><pred name="http://127.0.0.1/health-scallops/ontology/Health-Scallops_Ontology.owl#Location"><param>http://www.owl-ontologies.com/Ontology1.owl#DepartureHospital</param></pred><pred name="http://127.0.0.1/health-scallops/ontology/Health-Scallops_Ontology.owl#hasAddress"><param>http://www.owl-ontologies.com/Ontology1.owl#DepartureHospital</param><param>http://www.owl-ontologies.com/Ontology1.owl#DepartureHospitalAddress</param></pred><pred name="agentHasKnowledgeAbout"><param>http://www.owl-ontologies.com/Ontology1.owl#DepartureHospitalAddress</param></pred><pred name="identity"><param>http://www.owl-ontologies.com/Ontology1.owl#DepartureHospitalAddress</param><param>http://www.owl-ontologies.com/Ontology1.owl#DepartureHospitalAddress</param></pred><pred name="http://127.0.0.1/health-scallops/ontology/Health-Scallops_Ontology.owl#Address"><param>http://www.owl-ontologies.com/Ontology1.owl#DepartureHospitalAddress</param></pred><pred name="agentHasKnowledgeAbout"><param>http://www.owl-ontologies.com/Ontology1.owl#EMAAddress</param></pred><pred name="identity"><param>http://www.owl-ontologies.com/Ontology1.owl#EMAAddress</param><param>http://www.owl-ontologies.com/Ontology1.owl#EMAAddress</param></pred><pred name="http://127.0.0.1/health-scallops/ontology/Health-Scallops_Ontology.owl#Address"><param>http://www.owl-ontologies.com/Ontology1.owl#EMAAddress</param></pred><pred name="agentHasKnowledgeAbout"><param>http://www.owl-ontologies.com/Ontology1.owl#FlightParameters</param></pred><pred name="identity"><param>http://www.owl-ontologies.com/Ontology1.owl#FlightParameters</param><param>http://www.owl-ontologies.com/Ontology1.owl#FlightParameters</param></pred><pred name="http://127.0.0.1/health-scallops/ontology/Health-Scallops_Ontology.owl#MedicalFlightParameters"><param>http://www.owl-ontologies.com/Ontology1.owl#FlightParameters</param></pred><pred name="http://127.0.0.1/health-scallops/ontology/Health-Scallops_Ontology.owl#FlightParameters"><param>http://www.owl-ontologies.com/Ontology1.owl#FlightParameters</param></pred><pred name="http://127.0.0.1/health-scallops/ontology/Health-Scallops_Ontology.owl#TransportParameters"><param>http://www.owl-ontologies.com/Ontology1.owl#FlightParameters</param></pred><pred name="http://127.0.0.1/health-scallops/ontology/Health-Scallops_Ontology.owl#hasCategory"><param>http://www.owl-ontologies.com/Ontology1.owl#FlightParameters</param><param>http://www.owl-ontologies.com/Ontology1.owl#FlightCategory</param></pred><pred name="agentHasKnowledgeAbout"><param>http://www.owl-ontologies.com/Ontology1.owl#FlightCategory</param></pred><pred name="identity"><param>http://www.owl-ontologies.com/Ontology1.owl#FlightCategory</param><param>http://www.owl-ontologies.com/Ontology1.owl#FlightCategory</param></pred><pred name="http://127.0.0.1/health-scallops/ontology/Health-Scallops_Ontology.owl#FlightCategory"><param>http://www.owl-ontologies.com/Ontology1.owl#FlightCategory</param></pred><pred name="http://127.0.0.1/health-scallops/ontology/Health-Scallops_Ontology.owl#Category"><param>http://www.owl-ontologies.com/Ontology1.owl#FlightCategory</param></pred><pred name="http://127.0.0.1/health-scallops/ontology/Health-Scallops_Ontology.owl#assuresMedicalTreatment"><param>http://www.owl-ontologies.com/Ontology1.owl#FlightParameters</param><param>http://www.owl-ontologies.com/Ontology1.owl#RequiredTreatment</param></pred><pred name="http://127.0.0.1/health-scallops/ontology/Health-Scallops_Ontology.owl#hasDepartureTime"><param>http://www.owl-ontologies.com/Ontology1.owl#FlightParameters</param><param>http://www.owl-ontologies.com/Ontology1.owl#FlightDepartureTime</param></pred><pred name="http://127.0.0.1/health-scallops/ontology/Health-Scallops_Ontology.owl#hasArrivalTime"><param>http://www.owl-ontologies.com/Ontology1.owl#FlightParameters</param><param>http://www.owl-ontologies.com/Ontology1.owl#FlightArrivalTime</param></pred><pred name="agentHasKnowledgeAbout"><param>http://www.owl-ontologies.com/Ontology1.owl#EMACC</param></pred><pred name="identity"><param>http://www.owl-ontologies.com/Ontology1.owl#EMACC</param><param>http://www.owl-ontologies.com/Ontology1.owl#EMACC</param></pred><pred name="http://127.0.0.1/health-scallops/ontology/Health-Scallops_Ontology.owl#Creditcard"><param>http://www.owl-ontologies.com/Ontology1.owl#EMACC</param></pred><pred name="http://127.0.0.1/health-scallops/ontology/Health-Scallops_Ontology.owl#isOwnedBy"><param>http://www.owl-ontologies.com/Ontology1.owl#EMACC</param><param>http://www.owl-ontologies.com/Ontology1.owl#EMA</param></pred><pred name="agentHasKnowledgeAbout"><param>http://www.owl-ontologies.com/Ontology1.owl#EMA</param></pred><pred name="identity"><param>http://www.owl-ontologies.com/Ontology1.owl#EMA</param><param>http://www.owl-ontologies.com/Ontology1.owl#EMA</param></pred><pred name="http://127.0.0.1/health-scallops/ontology/Health-Scallops_Ontology.owl#Company"><param>http://www.owl-ontologies.com/Ontology1.owl#EMA</param></pred><pred name="http://127.0.0.1/health-scallops/ontology/Health-Scallops_Ontology.owl#hasAddress"><param>http://www.owl-ontologies.com/Ontology1.owl#EMA</param><param>http://www.owl-ontologies.com/Ontology1.owl#EMAAddress</param></pred><pred name="agentHasKnowledgeAbout"><param>http://www.owl-ontologies.com/Ontology1.owl#Transport2Parameters</param></pred><pred name="identity"><param>http://www.owl-ontologies.com/Ontology1.owl#Transport2Parameters</param><param>http://www.owl-ontologies.com/Ontology1.owl#Transport2Parameters</param></pred><pred name="http://127.0.0.1/health-scallops/ontology/Health-Scallops_Ontology.owl#MedicalVehicleTransportParameters"><param>http://www.owl-ontologies.com/Ontology1.owl#Transport2Parameters</param></pred><pred name="http://127.0.0.1/health-scallops/ontology/Health-Scallops_Ontology.owl#VehicleTransportParameters"><param>http://www.owl-ontologies.com/Ontology1.owl#Transport2Parameters</param></pred><pred name="http://127.0.0.1/health-scallops/ontology/Health-Scallops_Ontology.owl#TransportParameters"><param>http://www.owl-ontologies.com/Ontology1.owl#Transport2Parameters</param></pred><pred name="http://127.0.0.1/health-scallops/ontology/Health-Scallops_Ontology.owl#usesVehicle"><param>http://www.owl-ontologies.com/Ontology1.owl#Transport2Parameters</param><param>http://www.owl-ontologies.com/Ontology1.owl#MedicalVehicle</param></pred><pred name="http://127.0.0.1/health-scallops/ontology/Health-Scallops_Ontology.owl#assuresMedicalTreatment"><param>http://www.owl-ontologies.com/Ontology1.owl#Transport2Parameters</param><param>http://www.owl-ontologies.com/Ontology1.owl#RequiredTreatment</param></pred><pred name="http://127.0.0.1/health-scallops/ontology/Health-Scallops_Ontology.owl#hasDepartureTime"><param>http://www.owl-ontologies.com/Ontology1.owl#Transport2Parameters</param><param>http://www.owl-ontologies.com/Ontology1.owl#Transport2DepartureTime</param></pred><pred name="http://127.0.0.1/health-scallops/ontology/Health-Scallops_Ontology.owl#hasArrivalTime"><param>http://www.owl-ontologies.com/Ontology1.owl#Transport2Parameters</param><param>http://www.owl-ontologies.com/Ontology1.owl#Transport2ArrivalTime</param></pred><pred name="agentHasKnowledgeAbout"><param>http://www.owl-ontologies.com/Ontology1.owl#Transport2ArrivalTime</param></pred><pred name="identity"><param>http://www.owl-ontologies.com/Ontology1.owl#Transport2ArrivalTime</param><param>http://www.owl-ontologies.com/Ontology1.owl#Transport2ArrivalTime</param></pred><pred name="http://127.0.0.1/health-scallops/ontology/Health-Scallops_Ontology.owl#Time"><param>http://www.owl-ontologies.com/Ontology1.owl#Transport2ArrivalTime</param></pred><pred name="agentHasKnowledgeAbout"><param>http://www.owl-ontologies.com/Ontology1.owl#EMAAttendant</param></pred><pred name="identity"><param>http://www.owl-ontologies.com/Ontology1.owl#EMAAttendant</param><param>http://www.owl-ontologies.com/Ontology1.owl#EMAAttendant</param></pred><pred name="http://127.0.0.1/health-scallops/ontology/Health-Scallops_Ontology.owl#Person"><param>http://www.owl-ontologies.com/Ontology1.owl#EMAAttendant</param></pred><pred name="agentHasKnowledgeAbout"><param>http://www.owl-ontologies.com/Ontology1.owl#DesiredAccount</param></pred><pred name="identity"><param>http://www.owl-ontologies.com/Ontology1.owl#DesiredAccount</param><param>http://www.owl-ontologies.com/Ontology1.owl#DesiredAccount</param></pred><pred name="http://127.0.0.1/health-scallops/ontology/Health-Scallops_Ontology.owl#Account"><param>http://www.owl-ontologies.com/Ontology1.owl#DesiredAccount</param></pred><pred name="agentHasKnowledgeAbout"><param>http://www.owl-ontologies.com/Ontology1.owl#Patient_0</param></pred><pred name="identity"><param>http://www.owl-ontologies.com/Ontology1.owl#Patient_0</param><param>http://www.owl-ontologies.com/Ontology1.owl#Patient_0</param></pred><pred name="http://127.0.0.1/health-scallops/ontology/Health-Scallops_Ontology.owl#Patient"><param>http://www.owl-ontologies.com/Ontology1.owl#Patient_0</param></pred><pred name="http://127.0.0.1/health-scallops/ontology/Health-Scallops_Ontology.owl#Person"><param>http://www.owl-ontologies.com/Ontology1.owl#Patient_0</param></pred><pred name="agentHasKnowledgeAbout"><param>http://www.owl-ontologies.com/Ontology1.owl#EMAWorkerCC</param></pred><pred name="identity"><param>http://www.owl-ontologies.com/Ontology1.owl#EMAWorkerCC</param><param>http://www.owl-ontologies.com/Ontology1.owl#EMAWorkerCC</param></pred><pred name="http://127.0.0.1/health-scallops/ontology/Health-Scallops_Ontology.owl#Creditcard"><param>http://www.owl-ontologies.com/Ontology1.owl#EMAWorkerCC</param></pred><pred name="http://127.0.0.1/health-scallops/ontology/Health-Scallops_Ontology.owl#isOwnedBy"><param>http://www.owl-ontologies.com/Ontology1.owl#EMAWorkerCC</param><param>http://www.owl-ontologies.com/Ontology1.owl#EMAWorker</param></pred><pred name="identity"><param>http://www.owl-ontologies.com/Ontology2.owl#DepartureAirportAddress</param><param>http://www.owl-ontologies.com/Ontology2.owl#DepartureAirportAddress</param></pred><pred name="http://127.0.0.1/health-scallops/ontology/Health-Scallops_Ontology.owl#Address"><param>http://www.owl-ontologies.com/Ontology2.owl#DepartureAirportAddress</param></pred><pred name="identity"><param>http://www.owl-ontologies.com/Ontology2.owl#ArrivalAirport</param><param>http://www.owl-ontologies.com/Ontology2.owl#ArrivalAirport</param></pred><pred name="http://127.0.0.1/health-scallops/ontology/Health-Scallops_Ontology.owl#Airport"><param>http://www.owl-ontologies.com/Ontology2.owl#ArrivalAirport</param></pred><pred name="http://127.0.0.1/health-scallops/ontology/Health-Scallops_Ontology.owl#Location"><param>http://www.owl-ontologies.com/Ontology2.owl#ArrivalAirport</param></pred><pred name="identity"><param>http://www.owl-ontologies.com/Ontology2.owl#Flight</param><param>http://www.owl-ontologies.com/Ontology2.owl#Flight</param></pred><pred name="http://127.0.0.1/health-scallops/ontology/Health-Scallops_Ontology.owl#Flight"><param>http://www.owl-ontologies.com/Ontology2.owl#Flight</param></pred><pred name="http://127.0.0.1/health-scallops/ontology/Health-Scallops_Ontology.owl#Transport"><param>http://www.owl-ontologies.com/Ontology2.owl#Flight</param></pred><pred name="identity"><param>http://www.owl-ontologies.com/Ontology2.owl#TransportToAirport</param><param>http://www.owl-ontologies.com/Ontology2.owl#TransportToAirport</param></pred><pred name="http://127.0.0.1/health-scallops/ontology/Health-Scallops_Ontology.owl#VehicleTransport"><param>http://www.owl-ontologies.com/Ontology2.owl#TransportToAirport</param></pred><pred name="http://127.0.0.1/health-scallops/ontology/Health-Scallops_Ontology.owl#Transport"><param>http://www.owl-ontologies.com/Ontology2.owl#TransportToAirport</param></pred><pred name="identity"><param>http://www.owl-ontologies.com/Ontology2.owl#ArrivalAirportAddress</param><param>http://www.owl-ontologies.com/Ontology2.owl#ArrivalAirportAddress</param></pred><pred name="http://127.0.0.1/health-scallops/ontology/Health-Scallops_Ontology.owl#Address"><param>http://www.owl-ontologies.com/Ontology2.owl#ArrivalAirportAddress</param></pred><pred name="identity"><param>http://www.owl-ontologies.com/Ontology2.owl#TransportToHospital</param><param>http://www.owl-ontologies.com/Ontology2.owl#TransportToHospital</param></pred><pred name="http://127.0.0.1/health-scallops/ontology/Health-Scallops_Ontology.owl#VehicleTransport"><param>http://www.owl-ontologies.com/Ontology2.owl#TransportToHospital</param></pred><pred name="http://127.0.0.1/health-scallops/ontology/Health-Scallops_Ontology.owl#Transport"><param>http://www.owl-ontologies.com/Ontology2.owl#TransportToHospital</param></pred><pred name="identity"><param>http://www.owl-ontologies.com/Ontology2.owl#DepartureAirport</param><param>http://www.owl-ontologies.com/Ontology2.owl#DepartureAirport</param></pred><pred name="http://127.0.0.1/health-scallops/ontology/Health-Scallops_Ontology.owl#Airport"><param>http://www.owl-ontologies.com/Ontology2.owl#DepartureAirport</param></pred><pred name="http://127.0.0.1/health-scallops/ontology/Health-Scallops_Ontology.owl#Location"><param>http://www.owl-ontologies.com/Ontology2.owl#DepartureAirport</param></pred></and></init><goal><and><pred name="agentHasKnowledgeAbout"><param>http://www.owl-ontologies.com/Ontology1.owl#DestinationHospitalAddress</param></pred><pred name="identity"><param>http://www.owl-ontologies.com/Ontology1.owl#DestinationHospitalAddress</param><param>http://www.owl-ontologies.com/Ontology1.owl#DestinationHospitalAddress</param></pred><pred name="http://127.0.0.1/health-scallops/ontology/Health-Scallops_Ontology.owl#Address"><param>http://www.owl-ontologies.com/Ontology1.owl#DestinationHospitalAddress</param></pred><pred name="http://127.0.0.1/health-scallops/ontology/Health-Scallops_Ontology.owl#hasNearestAirport"><param>http://www.owl-ontologies.com/Ontology1.owl#DestinationHospitalAddress</param><param>http://www.owl-ontologies.com/Ontology2.owl#ArrivalAirport</param></pred><pred name="agentHasKnowledgeAbout"><param>http://www.owl-ontologies.com/Ontology2.owl#ArrivalAirport</param></pred><pred name="identity"><param>http://www.owl-ontologies.com/Ontology2.owl#ArrivalAirport</param><param>http://www.owl-ontologies.com/Ontology2.owl#ArrivalAirport</param></pred><pred name="http://127.0.0.1/health-scallops/ontology/Health-Scallops_Ontology.owl#Airport"><param>http://www.owl-ontologies.com/Ontology2.owl#ArrivalAirport</param></pred><pred name="http://127.0.0.1/health-scallops/ontology/Health-Scallops_Ontology.owl#Location"><param>http://www.owl-ontologies.com/Ontology2.owl#ArrivalAirport</param></pred><pred name="http://127.0.0.1/health-scallops/ontology/Health-Scallops_Ontology.owl#hasAddress"><param>http://www.owl-ontologies.com/Ontology2.owl#ArrivalAirport</param><param>http://www.owl-ontologies.com/Ontology2.owl#ArrivalAirportAddress</param></pred><pred name="agentHasKnowledgeAbout"><param>http://www.owl-ontologies.com/Ontology2.owl#ArrivalAirportAddress</param></pred><pred name="identity"><param>http://www.owl-ontologies.com/Ontology2.owl#ArrivalAirportAddress</param><param>http://www.owl-ontologies.com/Ontology2.owl#ArrivalAirportAddress</param></pred><pred name="http://127.0.0.1/health-scallops/ontology/Health-Scallops_Ontology.owl#Address"><param>http://www.owl-ontologies.com/Ontology2.owl#ArrivalAirportAddress</param></pred><pred name="agentHasKnowledgeAbout"><param>http://www.owl-ontologies.com/Ontology2.owl#DepartureAirportAddress</param></pred><pred name="identity"><param>http://www.owl-ontologies.com/Ontology2.owl#DepartureAirportAddress</param><param>http://www.owl-ontologies.com/Ontology2.owl#DepartureAirportAddress</param></pred><pred name="http://127.0.0.1/health-scallops/ontology/Health-Scallops_Ontology.owl#Address"><param>http://www.owl-ontologies.com/Ontology2.owl#DepartureAirportAddress</param></pred><pred name="agentHasKnowledgeAbout"><param>http://www.owl-ontologies.com/Ontology1.owl#FlightParameters</param></pred><pred name="identity"><param>http://www.owl-ontologies.com/Ontology1.owl#FlightParameters</param><param>http://www.owl-ontologies.com/Ontology1.owl#FlightParameters</param></pred><pred name="http://127.0.0.1/health-scallops/ontology/Health-Scallops_Ontology.owl#FlightParameters"><param>http://www.owl-ontologies.com/Ontology1.owl#FlightParameters</param></pred><pred name="http://127.0.0.1/health-scallops/ontology/Health-Scallops_Ontology.owl#TransportParameters"><param>http://www.owl-ontologies.com/Ontology1.owl#FlightParameters</param></pred><pred name="agentHasKnowledgeAbout"><param>http://www.owl-ontologies.com/Ontology1.owl#DepartureHospitalAddress</param></pred><pred name="identity"><param>http://www.owl-ontologies.com/Ontology1.owl#DepartureHospitalAddress</param><param>http://www.owl-ontologies.com/Ontology1.owl#DepartureHospitalAddress</param></pred><pred name="http://127.0.0.1/health-scallops/ontology/Health-Scallops_Ontology.owl#Address"><param>http://www.owl-ontologies.com/Ontology1.owl#DepartureHospitalAddress</param></pred><pred name="http://127.0.0.1/health-scallops/ontology/Health-Scallops_Ontology.owl#hasNearestAirport"><param>http://www.owl-ontologies.com/Ontology1.owl#DepartureHospitalAddress</param><param>http://www.owl-ontologies.com/Ontology2.owl#DepartureAirport</param></pred><pred name="agentHasKnowledgeAbout"><param>http://www.owl-ontologies.com/Ontology2.owl#DepartureAirport</param></pred><pred name="identity"><param>http://www.owl-ontologies.com/Ontology2.owl#DepartureAirport</param><param>http://www.owl-ontologies.com/Ontology2.owl#DepartureAirport</param></pred><pred name="http://127.0.0.1/health-scallops/ontology/Health-Scallops_Ontology.owl#Airport"><param>http://www.owl-ontologies.com/Ontology2.owl#DepartureAirport</param></pred><pred name="http://127.0.0.1/health-scallops/ontology/Health-Scallops_Ontology.owl#Location"><param>http://www.owl-ontologies.com/Ontology2.owl#DepartureAirport</param></pred><pred name="http://127.0.0.1/health-scallops/ontology/Health-Scallops_Ontology.owl#hasAddress"><param>http://www.owl-ontologies.com/Ontology2.owl#DepartureAirport</param><param>http://www.owl-ontologies.com/Ontology2.owl#DepartureAirportAddress</param></pred><pred name="agentHasKnowledgeAbout"><param>http://www.owl-ontologies.com/Ontology1.owl#DestinationHospital</param></pred><pred name="identity"><param>http://www.owl-ontologies.com/Ontology1.owl#DestinationHospital</param><param>http://www.owl-ontologies.com/Ontology1.owl#DestinationHospital</param></pred><pred name="http://127.0.0.1/health-scallops/ontology/Health-Scallops_Ontology.owl#Hospital"><param>http://www.owl-ontologies.com/Ontology1.owl#DestinationHospital</param></pred><pred name="http://127.0.0.1/health-scallops/ontology/Health-Scallops_Ontology.owl#Location"><param>http://www.owl-ontologies.com/Ontology1.owl#DestinationHospital</param></pred><pred name="agentHasKnowledgeAbout"><param>http://www.owl-ontologies.com/Ontology1.owl#Transport2Parameters</param></pred><pred name="identity"><param>http://www.owl-ontologies.com/Ontology1.owl#Transport2Parameters</param><param>http://www.owl-ontologies.com/Ontology1.owl#Transport2Parameters</param></pred><pred name="http://127.0.0.1/health-scallops/ontology/Health-Scallops_Ontology.owl#VehicleTransportParameters"><param>http://www.owl-ontologies.com/Ontology1.owl#Transport2Parameters</param></pred><pred name="http://127.0.0.1/health-scallops/ontology/Health-Scallops_Ontology.owl#TransportParameters"><param>http://www.owl-ontologies.com/Ontology1.owl#Transport2Parameters</param></pred><pred name="agentHasKnowledgeAbout"><param>http://www.owl-ontologies.com/Ontology1.owl#Transport1Parameters</param></pred><pred name="identity"><param>http://www.owl-ontologies.com/Ontology1.owl#Transport1Parameters</param><param>http://www.owl-ontologies.com/Ontology1.owl#Transport1Parameters</param></pred><pred name="http://127.0.0.1/health-scallops/ontology/Health-Scallops_Ontology.owl#VehicleTransportParameters"><param>http://www.owl-ontologies.com/Ontology1.owl#Transport1Parameters</param></pred><pred name="http://127.0.0.1/health-scallops/ontology/Health-Scallops_Ontology.owl#TransportParameters"><param>http://www.owl-ontologies.com/Ontology1.owl#Transport1Parameters</param></pred><pred name="agentHasKnowledgeAbout"><param>http://www.owl-ontologies.com/Ontology1.owl#EMAAttendant</param></pred><pred name="identity"><param>http://www.owl-ontologies.com/Ontology1.owl#EMAAttendant</param><param>http://www.owl-ontologies.com/Ontology1.owl#EMAAttendant</param></pred><pred name="http://127.0.0.1/health-scallops/ontology/Health-Scallops_Ontology.owl#Person"><param>http://www.owl-ontologies.com/Ontology1.owl#EMAAttendant</param></pred><pred name="agentHasKnowledgeAbout"><param>http://www.owl-ontologies.com/Ontology2.owl#Flight</param></pred><pred name="identity"><param>http://www.owl-ontologies.com/Ontology2.owl#Flight</param><param>http://www.owl-ontologies.com/Ontology2.owl#Flight</param></pred><pred name="http://127.0.0.1/health-scallops/ontology/Health-Scallops_Ontology.owl#Flight"><param>http://www.owl-ontologies.com/Ontology2.owl#Flight</param></pred><pred name="http://127.0.0.1/health-scallops/ontology/Health-Scallops_Ontology.owl#Transport"><param>http://www.owl-ontologies.com/Ontology2.owl#Flight</param></pred><pred name="http://127.0.0.1/health-scallops/ontology/Health-Scallops_Ontology.owl#hasParameters"><param>http://www.owl-ontologies.com/Ontology2.owl#Flight</param><param>http://www.owl-ontologies.com/Ontology1.owl#FlightParameters</param></pred><pred name="http://127.0.0.1/health-scallops/ontology/Health-Scallops_Ontology.owl#hasDepartureLocation"><param>http://www.owl-ontologies.com/Ontology2.owl#Flight</param><param>http://www.owl-ontologies.com/Ontology2.owl#DepartureAirport</param></pred><pred name="http://127.0.0.1/health-scallops/ontology/Health-Scallops_Ontology.owl#isBookedFor"><param>http://www.owl-ontologies.com/Ontology2.owl#Flight</param><param>http://www.owl-ontologies.com/Ontology1.owl#EMAAttendant</param></pred><pred name="http://127.0.0.1/health-scallops/ontology/Health-Scallops_Ontology.owl#isBookedFor"><param>http://www.owl-ontologies.com/Ontology2.owl#Flight</param><param>http://www.owl-ontologies.com/Ontology1.owl#Patient_0</param></pred><pred name="agentHasKnowledgeAbout"><param>http://www.owl-ontologies.com/Ontology1.owl#Patient_0</param></pred><pred name="identity"><param>http://www.owl-ontologies.com/Ontology1.owl#Patient_0</param><param>http://www.owl-ontologies.com/Ontology1.owl#Patient_0</param></pred><pred name="http://127.0.0.1/health-scallops/ontology/Health-Scallops_Ontology.owl#Patient"><param>http://www.owl-ontologies.com/Ontology1.owl#Patient_0</param></pred><pred name="http://127.0.0.1/health-scallops/ontology/Health-Scallops_Ontology.owl#Person"><param>http://www.owl-ontologies.com/Ontology1.owl#Patient_0</param></pred><pred name="http://127.0.0.1/health-scallops/ontology/Health-Scallops_Ontology.owl#hasDestinationLocation"><param>http://www.owl-ontologies.com/Ontology2.owl#Flight</param><param>http://www.owl-ontologies.com/Ontology2.owl#ArrivalAirport</param></pred><pred name="agentHasKnowledgeAbout"><param>http://www.owl-ontologies.com/Ontology2.owl#TransportToAirport</param></pred><pred name="identity"><param>http://www.owl-ontologies.com/Ontology2.owl#TransportToAirport</param><param>http://www.owl-ontologies.com/Ontology2.owl#TransportToAirport</param></pred><pred name="http://127.0.0.1/health-scallops/ontology/Health-Scallops_Ontology.owl#VehicleTransport"><param>http://www.owl-ontologies.com/Ontology2.owl#TransportToAirport</param></pred><pred name="http://127.0.0.1/health-scallops/ontology/Health-Scallops_Ontology.owl#Transport"><param>http://www.owl-ontologies.com/Ontology2.owl#TransportToAirport</param></pred><pred name="http://127.0.0.1/health-scallops/ontology/Health-Scallops_Ontology.owl#hasParameters"><param>http://www.owl-ontologies.com/Ontology2.owl#TransportToAirport</param><param>http://www.owl-ontologies.com/Ontology1.owl#Transport1Parameters</param></pred><pred name="http://127.0.0.1/health-scallops/ontology/Health-Scallops_Ontology.owl#hasDepartureLocation"><param>http://www.owl-ontologies.com/Ontology2.owl#TransportToAirport</param><param>http://www.owl-ontologies.com/Ontology1.owl#DepartureHospital</param></pred><pred name="agentHasKnowledgeAbout"><param>http://www.owl-ontologies.com/Ontology1.owl#DepartureHospital</param></pred><pred name="identity"><param>http://www.owl-ontologies.com/Ontology1.owl#DepartureHospital</param><param>http://www.owl-ontologies.com/Ontology1.owl#DepartureHospital</param></pred><pred name="http://127.0.0.1/health-scallops/ontology/Health-Scallops_Ontology.owl#Hospital"><param>http://www.owl-ontologies.com/Ontology1.owl#DepartureHospital</param></pred><pred name="http://127.0.0.1/health-scallops/ontology/Health-Scallops_Ontology.owl#Location"><param>http://www.owl-ontologies.com/Ontology1.owl#DepartureHospital</param></pred><pred name="http://127.0.0.1/health-scallops/ontology/Health-Scallops_Ontology.owl#isBookedFor"><param>http://www.owl-ontologies.com/Ontology2.owl#TransportToAirport</param><param>http://www.owl-ontologies.com/Ontology1.owl#EMAAttendant</param></pred><pred name="http://127.0.0.1/health-scallops/ontology/Health-Scallops_Ontology.owl#isBookedFor"><param>http://www.owl-ontologies.com/Ontology2.owl#TransportToAirport</param><param>http://www.owl-ontologies.com/Ontology1.owl#Patient_0</param></pred><pred name="http://127.0.0.1/health-scallops/ontology/Health-Scallops_Ontology.owl#hasDestinationLocation"><param>http://www.owl-ontologies.com/Ontology2.owl#TransportToAirport</param><param>http://www.owl-ontologies.com/Ontology2.owl#DepartureAirport</param></pred><pred name="agentHasKnowledgeAbout"><param>http://www.owl-ontologies.com/Ontology2.owl#TransportToHospital</param></pred><pred name="identity"><param>http://www.owl-ontologies.com/Ontology2.owl#TransportToHospital</param><param>http://www.owl-ontologies.com/Ontology2.owl#TransportToHospital</param></pred><pred name="http://127.0.0.1/health-scallops/ontology/Health-Scallops_Ontology.owl#VehicleTransport"><param>http://www.owl-ontologies.com/Ontology2.owl#TransportToHospital</param></pred><pred name="http://127.0.0.1/health-scallops/ontology/Health-Scallops_Ontology.owl#Transport"><param>http://www.owl-ontologies.com/Ontology2.owl#TransportToHospital</param></pred><pred name="http://127.0.0.1/health-scallops/ontology/Health-Scallops_Ontology.owl#hasParameters"><param>http://www.owl-ontologies.com/Ontology2.owl#TransportToHospital</param><param>http://www.owl-ontologies.com/Ontology1.owl#Transport2Parameters</param></pred><pred name="http://127.0.0.1/health-scallops/ontology/Health-Scallops_Ontology.owl#hasDepartureLocation"><param>http://www.owl-ontologies.com/Ontology2.owl#TransportToHospital</param><param>http://www.owl-ontologies.com/Ontology2.owl#ArrivalAirport</param></pred><pred name="http://127.0.0.1/health-scallops/ontology/Health-Scallops_Ontology.owl#isBookedFor"><param>http://www.owl-ontologies.com/Ontology2.owl#TransportToHospital</param><param>http://www.owl-ontologies.com/Ontology1.owl#EMAAttendant</param></pred><pred name="http://127.0.0.1/health-scallops/ontology/Health-Scallops_Ontology.owl#isBookedFor"><param>http://www.owl-ontologies.com/Ontology2.owl#TransportToHospital</param><param>http://www.owl-ontologies.com/Ontology1.owl#Patient_0</param></pred><pred name="http://127.0.0.1/health-scallops/ontology/Health-Scallops_Ontology.owl#hasDestinationLocation"><param>http://www.owl-ontologies.com/Ontology2.owl#TransportToHospital</param><param>http://www.owl-ontologies.com/Ontology1.owl#DestinationHospital</param></pred></and></goal></define_problem>